{
    "fileName": "navx_frc.json",
    "name": "KauaiLabs_navX_FRC",
    "version": "4.0.442",
    "uuid": "cb311d09-36e9-4143-a032-55bb2b94443b",
    "mavenUrls": [
        "https://repo1.maven.org/maven2/"
    ],
    "jsonUrl": "https://www.kauailabs.com/dist/frc/2022/navx_frc.json",
    "javaDependencies": [
        {
            "groupId": "com.kauailabs.navx.frc",
            "artifactId": "navx-java",
            "version": "4.0.442"
        }
    ],
    "jniDependencies": [],
    "cppDependencies": [
        {
            "groupId": "com.kauailabs.navx.frc",
            "artifactId": "navx-cpp",
            "version": "4.0.442",
            "headerClassifier": "headers",
            "sourcesClassifier": "sources",
            "sharedLibrary": false,
            "libName": "navx_frc",
            "skipInvalidPlatforms": true,
            "binaryPlatforms": [
                "linuxathena",
				"linuxraspbian",
                "windowsx86-64"
            ]
        }
    ]
}